<?xml version="1.0" encoding="UTF-8"?>
<project-private xmlns="http://www.netbeans.org/ns/project-private/1">
    <editor-bookmarks xmlns="http://www.netbeans.org/ns/editor-bookmarks/2" lastBookmarkId="0"/>
    <open-files xmlns="http://www.netbeans.org/ns/projectui-open-files/2">
        <group>
            <file>file:/home/carlos/NetBeansProjects/JavaSETarde/Clase06/src/clase06/Pilas%20y%20Colas.png</file>
            <file>file:/home/carlos/NetBeansProjects/JavaSETarde/Clase06/src/clase06/Map-In-Java.png</file>
            <file>file:/home/carlos/NetBeansProjects/JavaSETarde/Clase06/src/clase06/Framework%20Collections.png</file>
            <file>file:/home/carlos/NetBeansProjects/JavaSETarde/Clase06/src/clase06/Cola.png</file>
            <file>file:/home/carlos/NetBeansProjects/JavaSETarde/Clase06/src/clase06/Auto.java</file>
            <file>file:/home/carlos/NetBeansProjects/JavaSETarde/Clase06/src/clase06/Pila.png</file>
            <file>file:/home/carlos/NetBeansProjects/JavaSETarde/Clase06/src/clase06/Clase06.java</file>
        </group>
    </open-files>
</project-private>
