<?xml version="1.0" encoding="UTF-8"?>
<project-private xmlns="http://www.netbeans.org/ns/project-private/1">
    <editor-bookmarks xmlns="http://www.netbeans.org/ns/editor-bookmarks/2" lastBookmarkId="0"/>
    <open-files xmlns="http://www.netbeans.org/ns/projectui-open-files/2">
        <group>
            <file>file:/home/carlos/NetBeansProjects/JavaSETarde/Clase04/src/ar/com/eduit/curso/java/interfaces/I_File.java</file>
            <file>file:/home/carlos/NetBeansProjects/JavaSETarde/Clase04/src/ar/com/eduit/curso/java/test/TestX.java</file>
            <file>file:/home/carlos/NetBeansProjects/JavaSETarde/Clase04/src/ar/com/eduit/curso/java/entities/Vendedor.java</file>
            <file>file:/home/carlos/NetBeansProjects/JavaSETarde/Clase04/src/ar/com/eduit/curso/java/entities/Persona.java</file>
            <file>file:/home/carlos/NetBeansProjects/JavaSETarde/Clase04/src/ar/com/eduit/curso/java/interfaces/FileText.java</file>
            <file>file:/home/carlos/NetBeansProjects/JavaSETarde/Clase04/src/ar/com/eduit/curso/java/test/TestInterfaces.java</file>
            <file>file:/home/carlos/NetBeansProjects/JavaSETarde/Clase04/src/ar/com/eduit/curso/java/docs/Fabrica%20de%20chocolates.jpg</file>
            <file>file:/home/carlos/NetBeansProjects/JavaSETarde/Clase04/src/ar/com/eduit/curso/java/entities/ClientePersona.java</file>
            <file>file:/home/carlos/NetBeansProjects/JavaSETarde/Clase04/src/ar/com/eduit/curso/java/entities/Dato.java</file>
            <file>file:/home/carlos/NetBeansProjects/JavaSETarde/Clase04/src/ar/com/eduit/curso/java/test/TestObject.java</file>
            <file>file:/home/carlos/NetBeansProjects/JavaSETarde/Clase04/src/ar/com/eduit/curso/java/utils/X.java</file>
            <file>file:/home/carlos/NetBeansProjects/JavaSETarde/Clase04/src/ar/com/eduit/curso/java/interfaces/FileCloud.java</file>
            <file>file:/home/carlos/NetBeansProjects/JavaSETarde/Clase04/src/ar/com/eduit/curso/java/test/TestHerencia.java</file>
        </group>
    </open-files>
</project-private>
